{"cameraMode":{"drawMode":0,"name":"Shaded","section":"Shading Mode"},"sceneLighting":false,"audioPlay":false,"sceneViewState":{"showFog":true,"showMaterialUpdate":false,"showSkybox":false,"showFlares":true,"showImageEffects":true,"showParticleSystems":true},"in2DMode":false,"pivot":{"x":0.9389472007751465,"y":-0.04230332374572754,"z":-0.24860000610351563},"rotation":{"x":0.2697746157646179,"y":-0.12093144655227661,"z":0.03417253866791725,"w":0.9546886086463928},"size":2.448326587677002,"orthographic":false}